rank,name,extra
1,ANUJ AGNIHOTRI,
2,RAJESHWARI SUVE M,
3,AKANSH DHULL,
4,RAGHAV JHUNJHUNWALA,
5,ISHAN BHATNAGAR,
6,ZINNIA AURORA,
7,A R RAJAH MOHAIDEEN,
8,PAKSHAL SECRETRY,
9,ASTHA JAIN,
10,UJJWAL PRIYANK,
11,YASHASWI RAJ VARDHAN,
12,AKSHIT BHARDWAJ,
13,ANANYA SHARMA,
14,SURABHI YADAV,
15,SIMRANDEEP KAUR,
16,MONIKA SRIVASTAVA,
17,CHITWAN JAIN,
18,SRUTHII R,
19,NISAR DISHANT AMRUTLAL,
20,RAVI RAAZ,
21,SHUBHAM SINGH,
22,GEETIKA ARORA,
23,JEENU SRI JASWANTH CHANDRA,
24,IFRA SHAMS ANSARI,
25,BHAVIKA CHOPRA,
